序号,标题,片段ID,种子,版本,重点,视频文件名,生成状态,实际先后,目标项结果,原认可项是否退步,新增问题,声音
1,01_C1原版_种子1,r1_c1_original_s1,2026100801,C1原版,打手是否持续冲向女子，还是走近后站等；女子何时举掌、聚光、发射；能量命中、后飞撞柱与铁棍落水是否连贯,,待生成,,,,,未评价
2,02_C1原版_种子2,r1_c1_original_s2,2026100802,C1原版,打手是否持续冲向女子，还是走近后站等；女子何时举掌、聚光、发射；能量命中、后飞撞柱与铁棍落水是否连贯,,待生成,,,,,未评价
3,03_C1时机版_种子1,r1_c1_timing_s1,2026100801,C1时机版,女子在打手到身前前已经抬掌准备；打手最后一步与能量命中衔接，没有站好等待挨打；能量、后飞、撞柱、铁棍和结尾状态没有退步,,待生成,,,,,未评价
4,04_C1时机版_种子2,r1_c1_timing_s2,2026100802,C1时机版,女子在打手到身前前已经抬掌准备；打手最后一步与能量命中衔接，没有站好等待挨打；能量、后飞、撞柱、铁棍和结尾状态没有退步,,待生成,,,,,未评价
5,05_B3原版_种子1,r1_b3_original_s1,2026100801,B3原版,男子是否有可见响指动作；杯子先下落后定高，还是回升或落地；外卖员是否完全保持前倾伸手姿态，男子仍能动,,待生成,,,,,未评价
6,06_B3原版_种子2,r1_b3_original_s2,2026100802,B3原版,男子是否有可见响指动作；杯子先下落后定高，还是回升或落地；外卖员是否完全保持前倾伸手姿态，男子仍能动,,待生成,,,,,未评价
7,07_B3响指版_种子1,r1_b3_hand_s1,2026100801,B3响指版,右手抬至胸前，手指轮廓能看清；中指与拇指接触后完成弹击动作，而非只抬手或捏指；杯子轨迹、外卖员静止和声音分别记录，响指成功不等于整段成功,,待生成,,,,,未评价
8,08_B3响指版_种子2,r1_b3_hand_s2,2026100802,B3响指版,右手抬至胸前，手指轮廓能看清；中指与拇指接触后完成弹击动作，而非只抬手或捏指；杯子轨迹、外卖员静止和声音分别记录，响指成功不等于整段成功,,待生成,,,,,未评价
9,09_B3定高版_种子1,r1_b3_position_s1,2026100801,B3定高版,杯子先从手下直落，手与杯的间隙增大；杯子在离手高度与地面之间的中途停住；悬停后高度及所在位置不变，不回升、不落地、不换杯；响指是否可见、外卖员是否静止另外记录,,待生成,,,,,未评价
10,10_B3定高版_种子2,r1_b3_position_s2,2026100802,B3定高版,杯子先从手下直落，手与杯的间隙增大；杯子在离手高度与地面之间的中途停住；悬停后高度及所在位置不变，不回升、不落地、不换杯；响指是否可见、外卖员是否静止另外记录,,待生成,,,,,未评价
