case,source,seconds,shots,cut_times,min_shot_s,words,words_per_shot,sentences,avg_sentence_words,dialogue_lines,speaker_ids,voiceover,soundscape_sentences,music_mood_words,style_opening,camera,amplitude_speed,temporal,reidentify,lips,emotion,physics,negation,left_right,people_count,rule_words
zhiyin_ep1_06,official,8,3,3.20 5.50,2.3,393,131,18,21.8,0,,0,4,0,"Cinematic, Medium Wide Shot at a low angle. In the gloomy main hall of an ancient papercraft shop on a rainy ni",3,0,4,2,0,0,4,0,4,1,0
zhiyin_ep1_06,skill,8,4,2.50 4.20 5.70,1.5,507,127,20,25.4,0,,0,3,0,"Photoreal cinematic, 16:9. A vast dark hall of an ancient Chinese paper-effigy shop on a rainy night: black woo",3,2,8,0,0,0,5,0,3,2,0
zhiyin_ep1_06,codex,8,3,2.00 4.50,2.0,415,138,23,18.0,0,,0,2,0,"Photoreal cinematic, 16:9. A vast dark hall of an ancient Chinese paper-effigy shop on a rainy night: black woo",2,0,5,0,0,0,5,0,9,2,0
linqi_04,official,15,2,8.50,6.58,258,129,10,25.8,1,(S1),0,3,1,"Cinematic, MCU, static shot. Inside a quiet, dimly lit convenience store at 2:00 AM, the delivery driver Lao Xu",1,0,2,0,1,0,1,2,1,0,0
linqi_04,skill,15,6,2.20 5.00 7.60 10.00 11.60,1.6,613,102,28,21.9,1,(S1),1,3,0,"Photoreal cinematic live-action, 16:9. Shot on ARRI Alexa Mini LF with Cooke Panchro/i Classic primes and a 1/4",2,0,9,0,3,1,1,7,9,2,0
linqi_04,codex,15,4,2.00 5.50 10.50,2.0,451,113,26,17.3,1,(S1),1,2,0,"Photoreal cinematic live-action, 16:9. Shot on ARRI Alexa Mini LF with Cooke Panchro/i Classic primes and a 1/4",0,0,4,0,3,0,0,1,9,1,0
yanwang_ep02,official,10,3,5.20 8.00,2.12,327,109,16,20.4,1,(S1),0,4,0,"Cinematic, medium shot, holding a Static Shot. The scene is set in an executive office at dusk, anchored by a l",4,0,4,2,1,1,4,1,4,0,0
yanwang_ep02,skill,10,4,1.60 4.60 7.40,1.6,515,129,30,17.2,1,(S1),0,2,0,"Photoreal cinematic live-action, 16:9. Shot on ARRI Alexa Mini LF with Cooke Panchro/i Classic primes and a 1/4",1,2,5,0,4,1,7,2,7,1,0
yanwang_ep02,codex,10,3,2.00 6.00,2.0,436,145,28,15.6,1,(S1),0,2,0,"Photoreal cinematic live-action, 16:9. Shot on ARRI Alexa Mini LF with Cooke Panchro/i Classic primes and a 1/4",1,2,6,0,5,0,2,0,13,0,0
couple_split,official,15,1,,15.08,262,262,8,32.8,3,(S1) (S2),0,3,0,"Cinematic, a medium two-shot holds on a quiet sycamore-lined sidewalk at night, illuminated by overhead sodium",2,0,4,0,0,0,1,3,8,0,0
couple_split,skill,15,5,2.40 4.60 7.40 10.20,2.2,619,124,25,24.8,3,(S1) (S2),0,2,0,"Live-action urban relationship drama, photoreal, 16:9, at night on a long, straight, empty tree-lined sidewalk",4,1,11,0,5,1,4,4,17,2,0
couple_split,codex,15,4,3.00 6.50 10.00,3.0,461,115,27,17.1,3,(S1) (S2),0,2,0,"Photoreal cinematic live-action, 16:9. Shot on ARRI Alexa Mini LF with Cooke Panchro/i Classic primes and a 1/4",0,1,11,0,6,0,0,1,16,1,0
quiet_shen_fire,official,10,1,,10.12,213,213,6,35.5,0,(S1),0,2,0,"Cinematic, medium shot, the camera slowly pushes in toward a dimly lit, weathered paper craft shop at night. Th",1,0,5,0,0,2,0,0,0,0,0
quiet_shen_fire,skill,10,1,,10.12,328,328,16,20.5,0,,0,2,0,"Photoreal cinematic, 16:9. A vast dark hall of an ancient Chinese paper-effigy shop on a rainy night: black woo",1,2,6,0,0,0,2,1,4,2,0
quiet_shen_fire,codex,10,1,,10.12,327,327,20,16.4,0,,0,2,0,"Photoreal cinematic live-action, 16:9. Shot on ARRI Alexa Mini LF with Cooke Panchro/i Classic primes and a 1/4",1,2,6,0,0,0,2,0,4,1,0
office_two_speakers,official,10,2,5.20,4.92,290,145,12,24.2,2,(S1) (S2),0,3,0,"Cinematic, medium two-shot, eye-level angle, static shot. The setting is a dimly lit, modern open-plan office a",2,0,4,1,0,1,1,1,8,0,0
office_two_speakers,skill,10,3,3.40 6.60,3.2,436,145,21,20.8,2,(S1) (S2),0,2,0,"Photoreal cinematic live-action, 16:9. Shot on ARRI Alexa Mini LF with Cooke Panchro/i Classic primes and a 1/4",0,0,9,0,4,0,1,2,10,0,0
office_two_speakers,codex,10,3,2.00 5.50,2.0,424,141,24,17.7,2,(S1) (S2),0,2,0,"Photoreal cinematic live-action, 16:9. Shot on ARRI Alexa Mini LF with Cooke Panchro/i Classic primes and a 1/4",0,0,7,0,6,1,0,0,11,0,0
wrist_grab,official,8,2,3.20,3.2,271,136,12,22.6,0,,0,4,0,"Cinematic, Medium Close-Up, pushing in slowly. The scene is set in a dimly lit archive room with faintly visibl",2,0,3,3,0,2,7,0,3,0,0
wrist_grab,skill,8,3,2.60 5.00,2.4,318,106,14,22.7,0,,0,2,0,"Photoreal cinematic live-action, 16:9, a dim archive room with tall metal shelves of box files, a single desk l",0,0,4,0,0,0,4,1,5,2,0
wrist_grab,codex,8,2,2.00,2.0,355,178,21,16.9,0,,0,2,0,"Photoreal cinematic live-action, 16:9. Shot on ARRI Alexa Mini LF with Cooke Panchro/i Classic primes and a 1/4",0,0,3,0,0,0,5,0,11,1,0
tea_pour,official,8,1,,8.0,185,185,8,23.1,0,,0,3,0,"Cinematic, close-up shot with a slow camera push in, capturing a carved bamboo tea tray on a wooden table in an",1,0,2,0,0,0,2,0,2,1,0
tea_pour,skill,8,1,,8.0,254,254,11,23.1,0,,0,2,0,"Photoreal cinematic live-action, 16:9, a tea room at dusk with warm low side light from a paper window on the l",1,2,3,0,0,0,3,0,4,0,0
tea_pour,codex,8,1,,8.0,323,323,20,16.1,0,,0,2,0,"Photoreal cinematic live-action, 16:9. Shot on ARRI Alexa Mini LF with Cooke Panchro/i Classic primes and a 1/4",1,0,4,0,0,0,7,0,5,2,0
