批次,片段ID,情节,类型,风格,种子,填写秒数,实际秒数,预定情节,重点核对,状态,实际视频文件名,画面问题原话,声音问题原话,其他备注
A,px_telekinesis_urban_s1,都市念力_玻璃杯滑移悬浮落回,念力,都市,2026100801,10,10.125,少年注视水杯→杯子滑近并离桌悬浮→鼻血显出负荷→松劲后落回桌面。,杯子先滑再离桌，能看见杯底与桌面的空隙；始终只有同一只玻璃杯，落回桌面而非消失；力量靠物体运动表现；声音限定冰箱、杯底摩擦与呼吸,待生成,,,,
A,px_telekinesis_urban_s2,都市念力_玻璃杯滑移悬浮落回,念力,都市,2026100802,10,10.125,少年注视水杯→杯子滑近并离桌悬浮→鼻血显出负荷→松劲后落回桌面。,杯子先滑再离桌，能看见杯底与桌面的空隙；始终只有同一只玻璃杯，落回桌面而非消失；力量靠物体运动表现；声音限定冰箱、杯底摩擦与呼吸,待生成,,,,
A,px_telekinesis_xianxia_s1,仙侠念力_竹叶悬浮推开院门,念力,仙侠,2026100801,10,10.125,老道抬指→竹叶离地悬浮→指向右侧院门→叶流推动门打开。,先离地悬浮，再朝同一扇右侧院门移动；门被叶流推动后向外晃开，位置和铰链保持一致；原材质的枯叶呈现力量，人物不靠接触开门,待生成,,,,
A,px_telekinesis_xianxia_s2,仙侠念力_竹叶悬浮推开院门,念力,仙侠,2026100802,10,10.125,老道抬指→竹叶离地悬浮→指向右侧院门→叶流推动门打开。,先离地悬浮，再朝同一扇右侧院门移动；门被叶流推动后向外晃开，位置和铰链保持一致；原材质的枯叶呈现力量，人物不靠接触开门,待生成,,,,
A,px_element_urban_s1,都市元素_咖啡杯结霜,元素特写,都市,2026100801,8,8.000,双手握着已放稳的热咖啡杯→接触处结霜蔓延→咖啡结冰→松开后看掌心薄霜。,霜从手指接触杯壁处开始，连续蔓延到杯壁与液面；热气消失、液面成冰发生在结霜过程中；松手时杯子留在桌面，双手和杯子数量稳定,待生成,,,,
A,px_element_urban_s2,都市元素_咖啡杯结霜,元素特写,都市,2026100802,8,8.000,双手握着已放稳的热咖啡杯→接触处结霜蔓延→咖啡结冰→松开后看掌心薄霜。,霜从手指接触杯壁处开始，连续蔓延到杯壁与液面；热气消失、液面成冰发生在结霜过程中；松手时杯子留在桌面，双手和杯子数量稳定,待生成,,,,
A,px_element_xianxia_s1,仙侠元素_指间电弧收回,元素特写,仙侠,2026100801,8,8.000,女修抬右手→紫白电弧从指间增强并照亮环境→发丝微浮→握拳后电光熄灭。,电弧始于右手指间，亮度照到脸与洞壁；发梢微浮随电弧增强发生；握拳后电光结束，环境回到月光，手部数量稳定,待生成,,,,
A,px_element_xianxia_s2,仙侠元素_指间电弧收回,元素特写,仙侠,2026100802,8,8.000,女修抬右手→紫白电弧从指间增强并照亮环境→发丝微浮→握拳后电光熄灭。,电弧始于右手指间，亮度照到脸与洞壁；发梢微浮随电弧增强发生；握拳后电光结束，环境回到月光，手部数量稳定,待生成,,,,
B,px_awaken_urban_s1,都市觉醒_金瞳与局部雨滴悬停,觉醒,都市,2026100801,10,10.125,天台被逼近→男子抬头显出金瞳→身边雨滴悬停→打手后退，远处雨仍正常落下。,眼部变化与局部雨滴停止能分别看清；只冻结男子身边雨滴，三个打手仍能反应；湿衣和头发被气流吹动，表演克制且人数稳定,待生成,,,,
B,px_awaken_urban_s2,都市觉醒_金瞳与局部雨滴悬停,觉醒,都市,2026100802,10,10.125,天台被逼近→男子抬头显出金瞳→身边雨滴悬停→打手后退，远处雨仍正常落下。,眼部变化与局部雨滴停止能分别看清；只冻结男子身边雨滴，三个打手仍能反应；湿衣和头发被气流吹动，表演克制且人数稳定,待生成,,,,
B,px_awaken_xianxia_s1,仙侠觉醒_灵气回收与青瞳,觉醒,仙侠,2026100801,10,10.125,女子闭关→白雾状灵气绕身增强→衣发被带动、石台裂纹出现→灵气收回、青瞳一闪。,灵气由周围薄雾形成并旋转，不凭空换成掌心光球；衣发、碎石与裂纹的反应跟随灵气增强；回收后灵气结束、青光只闪一下，衣发落定,待生成,,,,
B,px_awaken_xianxia_s2,仙侠觉醒_灵气回收与青瞳,觉醒,仙侠,2026100802,10,10.125,女子闭关→白雾状灵气绕身增强→衣发被带动、石台裂纹出现→灵气收回、青瞳一闪。,灵气由周围薄雾形成并旋转，不凭空换成掌心光球；衣发、碎石与裂纹的反应跟随灵气增强；回收后灵气结束、青光只闪一下，衣发落定,待生成,,,,
B,px_timestop_urban_s1,都市时间静止_掉落杯与外卖员定住,时间静止,都市,2026100801,8,8.000,杯子从外卖员手里掉落→男子响指→杯子和外卖员定住→男子仍能转眼眨眼，保持到结尾。,杯子先有掉落，再在响指后停止，始终悬在地面上方；外卖员保持同一失手姿态，男子仍能正常动；静止后声场转静；不取杯、不恢复，人物和杯子数量稳定,待生成,,,,
B,px_timestop_urban_s2,都市时间静止_掉落杯与外卖员定住,时间静止,都市,2026100802,8,8.000,杯子从外卖员手里掉落→男子响指→杯子和外卖员定住→男子仍能转眼眨眼，保持到结尾。,杯子先有掉落，再在响指后停止，始终悬在地面上方；外卖员保持同一失手姿态，男子仍能正常动；静止后声场转静；不取杯、不恢复，人物和杯子数量稳定,待生成,,,,
B,px_timestop_xianxia_s1,仙侠时间静止_冻结后拨偏单箭,时间静止,仙侠,2026100801,8,8.000,复用正确箭向→抬左掌定住单箭→右手拨成朝下→右手离开后仍悬停，左掌保持。,初始箭头领飞且朝女侠，抬手后先悬停；右手只操作同一支箭，左手一直维持触发姿态；手离开后箭保持新角度，箭和手不增生、不穿模,待生成,,,,
B,px_timestop_xianxia_s2,仙侠时间静止_冻结后拨偏单箭,时间静止,仙侠,2026100802,8,8.000,复用正确箭向→抬左掌定住单箭→右手拨成朝下→右手离开后仍悬停，左掌保持。,初始箭头领飞且朝女侠，抬手后先悬停；右手只操作同一支箭，左手一直维持触发姿态；手离开后箭保持新角度，箭和手不增生、不穿模,待生成,,,,
C,px_blast_urban_s1,都市能量波_蓝光打飞撞柱,能量波,都市,2026100801,8,8.000,掌心聚蓝白光→波击胸口→打手向后飞→撞裂水泥柱、铁棍落水→掌光熄灭。,光从右掌聚集，再向画右飞出并击中胸口；受击、后飞、撞柱方向连续，柱裂发生于撞击；铁棍落点清楚，末镜掌光熄灭，仍为原两个人,待生成,,,,
C,px_blast_urban_s2,都市能量波_蓝光打飞撞柱,能量波,都市,2026100802,8,8.000,掌心聚蓝白光→波击胸口→打手向后飞→撞裂水泥柱、铁棍落水→掌光熄灭。,光从右掌聚集，再向画右飞出并击中胸口；受击、后飞、撞柱方向连续，柱裂发生于撞击；铁棍落点清楚，末镜掌光熄灭，仍为原两个人,待生成,,,,
C,px_blast_xianxia_s1,仙侠剑气_断刀滚落断松枝,能量波,仙侠,2026100801,8,8.000,剑修双指聚金光→金色剑气斩刀→刺客滚下石阶→余势断松枝→剑修收指。,剑气由右手双指形成并沿画右射出；刀仅断成两段，刺客滚向台阶下方而非换向；同一股剑气余势斩枝后消散，佩剑始终在鞘,待生成,,,,
C,px_blast_xianxia_s2,仙侠剑气_断刀滚落断松枝,能量波,仙侠,2026100802,8,8.000,剑修双指聚金光→金色剑气斩刀→刺客滚下石阶→余势断松枝→剑修收指。,剑气由右手双指形成并沿画右射出；刀仅断成两段，刺客滚向台阶下方而非换向；同一股剑气余势斩枝后消散，佩剑始终在鞘,待生成,,,,
C,px_onevsmany_urban_s1,都市一打六_擒棍推飞群压,一打多,都市,2026100801,15,15.083,六人围攻→接棍撂倒一人→念力推第二人撞车→四人合扑被压倒→主角整理大衣。,始终六名打手：先倒1人、再倒1人、剩4人，末尾不重新增员；接棍的手与后续念力手势衔接，推飞方向与车门位置一致；群压后六人保留落点，真人倒地而非变成碎灰,待生成,,,,
C,px_onevsmany_urban_s2,都市一打六_擒棍推飞群压,一打多,都市,2026100802,15,15.083,六人围攻→接棍撂倒一人→念力推第二人撞车→四人合扑被压倒→主角整理大衣。,始终六名打手：先倒1人、再倒1人、剩4人，末尾不重新增员；接棍的手与后续念力手势衔接，推飞方向与车门位置一致；群压后六人保留落点，真人倒地而非变成碎灰,待生成,,,,
C,px_onevsmany_xianxia_s1,仙侠一打十二_御剑剑影回鞘,一打多,仙侠,2026100801,15,15.083,十二刺客围攻→一把实体剑出鞘→挑飞兵刃并斩竹→九道剑影环绕→刺客退倒→实体剑回鞘。,十二名刺客数量与已失兵刃的四人保持连续；实体剑、光影区分，飞行端向明确且斩竹有可见断口；末尾一把实体剑回同一剑鞘，剑影消退，刺客不化灰,待生成,,,,
C,px_onevsmany_xianxia_s2,仙侠一打十二_御剑剑影回鞘,一打多,仙侠,2026100802,15,15.083,十二刺客围攻→一把实体剑出鞘→挑飞兵刃并斩竹→九道剑影环绕→刺客退倒→实体剑回鞘。,十二名刺客数量与已失兵刃的四人保持连续；实体剑、光影区分，飞行端向明确且斩竹有可见断口；末尾一把实体剑回同一剑鞘，剑影消退，刺客不化灰,待生成,,,,
