情节,标题,片段ID,种子,对应依据,画面记录状态,组级反馈,逐种子反馈,未反馈项目,声音,准确视频文件名
A1,都市念力_玻璃杯滑移悬浮落回,px_telekinesis_urban_s1,2026100801,inferred_from_first_second_video_and_batch_order,issues_reported,两段血迹都像流口水，不像鼻血。,水面不自然。；落杯溅水不自然。,种子2水面及水花；杯子滑移、悬浮、落回及双手完整过程,未反馈,
A1,都市念力_玻璃杯滑移悬浮落回,px_telekinesis_urban_s2,2026100802,inferred_from_first_second_video_and_batch_order,issues_reported,两段血迹都像流口水，不像鼻血。,,种子2水面及水花；杯子滑移、悬浮、落回及双手完整过程,未反馈,
A2,仙侠念力_竹叶悬浮推开院门,px_telekinesis_xianxia_s1,2026100801,inferred_from_third_fourth_video_and_batch_order,issues_reported,人物动作、手指摆放不好。,,竹叶升起及飞行；开门因果与方向,未反馈,
A2,仙侠念力_竹叶悬浮推开院门,px_telekinesis_xianxia_s2,2026100802,inferred_from_third_fourth_video_and_batch_order,issues_reported,人物动作、手指摆放不好。,,竹叶升起及飞行；开门因果与方向,未反馈,
A3,都市元素_咖啡杯结霜,px_element_urban_s1,2026100801,explicit_case_inventory_no_feedback,not_reported,,,整段画面；声音,未反馈,
A3,都市元素_咖啡杯结霜,px_element_urban_s2,2026100802,explicit_case_inventory_no_feedback,not_reported,,,整段画面；声音,未反馈,
A4,仙侠元素_指间电弧收回,px_element_xianxia_s1,2026100801,explicit_case_label,issues_reported,组级描述：人物动作、握拳没有问题。；组级描述：右手指尖有电弧，但照亮效果不够。；组级描述：握拳后头发仍随风飘，没有落回。；明确两种子：握拳后拳上均有一丝细白烟。,种子2的电弧明显弱于本段。,其他手部形态细节,未反馈,
A4,仙侠元素_指间电弧收回,px_element_xianxia_s2,2026100802,explicit_case_label,issues_reported,组级描述：人物动作、握拳没有问题。；组级描述：右手指尖有电弧，但照亮效果不够。；组级描述：握拳后头发仍随风飘，没有落回。；明确两种子：握拳后拳上均有一丝细白烟。,电弧不明显，明显弱于种子1。；未照亮脸与洞壁。,其他手部形态细节,未反馈,
B1,都市觉醒_金瞳与局部雨滴悬停,px_awaken_urban_s1,2026100801,explicit_case_and_seed_labels,issues_reported,,头发、衣摆没有被局部气流带动。；用户称其他都正常，未逐项复述。,声音；金瞳具体位置和效果未独立复述,未反馈,
B1,都市觉醒_金瞳与局部雨滴悬停,px_awaken_urban_s2,2026100802,explicit_case_and_seed_labels,core_actions_user_accepted_audio_unreported,,本组最好。；局部雨滴静止，远处雨继续落。；三个打手仍能动，总计四人。；头发和衣服有局部气流带动。,声音；金瞳具体位置和效果未独立复述,未反馈,
B2,仙侠觉醒_灵气回收与青瞳,px_awaken_xianxia_s1,2026100801,explicit_case_and_seed_labels,issues_reported,石台有裂痕，碎石跳动太假。；衣袖和头发向外扬起。；睁眼缺青绿色瞳光一闪。,薄雾汇聚、环身旋转并加速最好。；薄雾颜色太黑。,灵气最终回收是否完整；瞳色恢复与衣发最终落定,未反馈,
B2,仙侠觉醒_灵气回收与青瞳,px_awaken_xianxia_s2,2026100802,explicit_case_and_seed_labels,issues_reported,石台有裂痕，碎石跳动太假。；衣袖和头发向外扬起。；睁眼缺青绿色瞳光一闪。,白色云雾状颜色更符合要求。；青绿色光只泛在眼皮上。,灵气最终回收是否完整；瞳色恢复与衣发最终落定,未反馈,
B3,都市时间静止_掉落杯与外卖员定住,px_timestop_urban_s1,2026100801,explicit_case_and_seed_labels,issues_reported,男子没有打响指。；杯子滑落后从下方升回外卖员面前，没有停在落途高度。,,外卖员是否完全静止；其他手部异常；声音,未反馈,
B3,都市时间静止_掉落杯与外卖员定住,px_timestop_urban_s2,2026100802,explicit_case_and_seed_labels,issues_reported,男子没有打响指。；杯子滑落后从下方升回外卖员面前，没有停在落途高度。,用户评价无论哪方面都更差；未提供更多具体症状。,外卖员是否完全静止；其他手部异常；声音,未反馈,
B4,仙侠时间静止_冻结后拨偏单箭,px_timestop_xianxia_s1,2026100801,explicit_case_and_seed_labels,issues_reported,两段均抓箭头下方而非拇指食指捏箭杆中部。；箭被转成约向下45度并保持，而非竖直向下。；箭射来速度均太慢。,停箭手势比种子2好。,初始箭头方向；箭及手的精确数量；是否穿模；左手全过程是否维持,未反馈,
B4,仙侠时间静止_冻结后拨偏单箭,px_timestop_xianxia_s2,2026100802,explicit_case_and_seed_labels,issues_reported,两段均抓箭头下方而非拇指食指捏箭杆中部。；箭被转成约向下45度并保持，而非竖直向下。；箭射来速度均太慢。,,初始箭头方向；箭及手的精确数量；是否穿模；左手全过程是否维持,未反馈,
C1,都市能量波_蓝光打飞撞柱,px_blast_urban_s1,2026100801,explicit_case_and_seed_labels,issues_reported,两段能量特效受到用户认可。；打手到女子身前站等约一秒，她才举掌聚能出招。,特效动作较好；打手冲来后停等。,铁棍最终落点等逐项验收；声音,未反馈,
C1,都市能量波_蓝光打飞撞柱,px_blast_urban_s2,2026100802,explicit_case_and_seed_labels,issues_reported,两段能量特效受到用户认可。；打手到女子身前站等约一秒，她才举掌聚能出招。,特效没有问题；打手慢慢小步走来、停下直视女子才被击飞。,铁棍最终落点等逐项验收；声音,未反馈,
C2,仙侠剑气_断刀滚落断松枝,px_blast_xianxia_s1,2026100801,explicit_case_and_seed_labels,issues_reported,两段剑气斩松枝部分均有问题，特效欠佳。,双指没有聚拢，手势怪但有金光。；刀成三部分：两段刀身加手持刀柄。；刺客持刀柄滚下石台。；剑气先向阶梯下方飘，切镜后再切松枝，连续性割裂。；镜头二出现断刀和完整刀。,种子2的刀段数、手势和完整刀重现未单独确认,未反馈,
C2,仙侠剑气_断刀滚落断松枝,px_blast_xianxia_s2,2026100802,explicit_case_and_seed_labels,issues_reported,两段剑气斩松枝部分均有问题，特效欠佳。,,种子2的刀段数、手势和完整刀重现未单独确认,未反馈,
C3,都市一打六_擒棍推飞群压,px_onevsmany_urban_s1,2026100801,seed1_detail_then_explicit_both_same,issues_reported,用户最后明确视频1、视频2均有同类问题。,左侧持棍者不动，主角主动伸手抓棍撂倒他。；持刀扑近不自然，刀已经到主角身前才被一巴掌击飞。；撞凹车门后，打手落跪时车门恢复。；四人只跪着不动，像跪拜，缺击飞打击感。,精确人数及每人落点逐项验收,未反馈,
C3,都市一打六_擒棍推飞群压,px_onevsmany_urban_s2,2026100802,seed1_detail_then_explicit_both_same,issues_reported,用户最后明确视频1、视频2均有同类问题。,同类问题（用户组级确认，逐项过程以种子1详述为主）。,精确人数及每人落点逐项验收,未反馈,
C4,仙侠一打十二_御剑剑影回鞘,px_onevsmany_xianxia_s1,2026100801,explicit_seed1_seed2_plus_unassigned_final_detail,issues_reported,绕转多剑配一把横停剑，缺攻击接触及打击感。；对手像被击中一样退跪，但看不到对应命中。；段末描述回剑时右手抓剑身中部、剑影绕身，构图不美；未明确该末句属于哪一或两种子。,剑未完全出鞘就穿鞘模。；实体剑向右没有呈现预期缴械动作。,实体剑/剑影精确数量；十二人逐项人数验收；左侧缴械及最终入鞘完整性,未反馈,
C4,仙侠一打十二_御剑剑影回鞘,px_onevsmany_xianxia_s2,2026100802,explicit_seed1_seed2_plus_unassigned_final_detail,issues_reported,绕转多剑配一把横停剑，缺攻击接触及打击感。；对手像被击中一样退跪，但看不到对应命中。；段末描述回剑时右手抓剑身中部、剑影绕身，构图不美；未明确该末句属于哪一或两种子。,出鞘没有穿模。；其他问题与种子1相似，缺打击感。,实体剑/剑影精确数量；十二人逐项人数验收；左侧缴械及最终入鞘完整性,未反馈,
